{
    "tempo": 1.0,
    "valence": 0.996733185102823,
    "energy": 1.0,
    "danceability": 1.0,
    "acousticness": 0.996733185102823,
    "loudness": 0.996733185102823
}