{
    "tempo": 1.0,
    "valence": 0.9948599987292699,
    "energy": 1.0,
    "danceability": 1.0,
    "acousticness": 0.9948599987292699,
    "loudness": 0.9948599987292699
}