{
    "tempo": 1.0,
    "valence": 0.9967316344877473,
    "energy": 1.0,
    "danceability": 1.0,
    "acousticness": 0.9967316344877473,
    "loudness": 0.9967316344877473
}