{
    "tempo": 1.0,
    "valence": 0.9950592182742141,
    "energy": 0.9994573611111112,
    "danceability": 0.9992211111111111,
    "acousticness": 0.9950592182742141,
    "loudness": 0.9950592182742141
}